Business name,Website,Full address,Type,City,Quadrant,Primary Contact Name,Phone number,Email,Social Profile,Unnamed: 10
Aesthetics by Nafey,https://aestheticsbynafey.com/,"55 Christie Point SW, Calgary, AB T3H 6G1",Aesthetician,Calgary,SW,Nafey Hammoud,403-541-4240,info@aestheticsbynafey.com,https://www.facebook.com/profile.php?id=61551389006544,
Silk Touch Esthetics Inc,https://www.silktouchyyc.com/,"#1102 8561 8a Ave SW Calgary, AB T3H 5V0",Aesthetician,Calgary,SW,Layla Amjadi,403-454-8196,la.silktouch@gmail.com,,
The Collective Clinic,https://www.collectiveclinic.ca/,"#210 69 7A Street NE Calgary, Alberta T2E 4E4",Aesthetics,Calgary,NE,Zoey lawrence,(403) 685-8382,zoey@collectiveclinic.ca,https://www.instagram.com/thatglowzo/,
ẸWÀ Medical Aesthetics (South),https://www.ewamedicalaesthetics.ca,"19369 Sheriff King St. SW #802, Calgary, AB T2X 0T9, Canada",Aesthetics,Calgary,SW,Dr. Folake Pepple,(403) 873-8999,aesthetics@silveradomedical.ca,https://ca.linkedin.com/in/folake-pepple-a783b830,
ẸWÀ Medical Aesthetics (North),https://www.ewamedicalaesthetics.ca/,"2066 18 Avenue NE #111, Calgary, AB T2E 8N5, Canada",Aesthetics,Calgary,NE,Dr. Ola Ojoye,(403) 230-2880,info@ewamedicalaesthetics.ca,,
Christine Aesthetics & Wellness,https://christineaestheticsandwellness.ca,"5920 Macleod Trail SE, Calgary, AB (at Macleod Place Bldg)",Aesthetics & Wellness,Calgary,SE,Christine,587-316-5803,christine@aestheticsandwellness.ca,,
Vitality Skin Bar,https://vitalityskinbar.ca/,"202, 8 Varsity Estates Circle NW Calgary, AB T3A 2Z3",Aesthetics & Wellness,Calgary,NW,Dr. Viktoriya Lambert,587.329.8280,info@skinvitality.ca,https://www.facebook.com/photo.php?fbid=1193143082821329&id=100063769441484&set=a.476497727819205,
Beacon Dermatology,https://beaconderm.com/,"Suite 201 3110 17th Avenue S.W. Calgary, AB T3E 0B2",Dermatology,Calgary,SW,Dr. Andrei Metelitsa,(587) 392-7546,info@beaconderm.com,https://ca.linkedin.com/in/andrei-metelitsa-18696116,
Storwick Dermatology,http://storwickderm.com/,"Suite 300, 1222 11 Avenue SW Calgary, AB T3C 0M4",Dermatology,Calgary,SW,Dr. Gregory Storwick,403-286-0086,drstorwick@telus.net,https://ca.linkedin.com/in/greg-storwick-6230511a8,
Dermphi Centre - Dermatology,https://www.dermphicentre.com/,"8500 Blackfoot Trail S.E. Calgary, Alberta, Canada | T2J 7E1",Dermatology,Calgary,SE,Dr. Alim R. Devani,403.264.3376,hello@dermphicentre.com,https://www.instagram.com/dralimdevanimd/?hl=en,
Dr. Danny Guo,https://calgaryderm.com/,"130 Country Village Rd NE #405, Calgary, AB T3K 6A4",Dermatology,Calgary,NE,Dr. Danny Guo,403-286-6888,ricciardik@rejuv.ca,https://www.instagram.com/dannyguo.md/,
The Dermatology Centre,https://www.dermatologycentre.ca/,"124 42 Ave SW, Calgary, AB T2S 3B3",Dermatology,Calgary,SW,Dr. Catherine Zip,(403) 299-5840,zipstaff@shawbiz.ca,https://ca.linkedin.com/in/kayla-des-brisay-b99535334,
Papillon Medical Dermatology,https://papillonmedical.com/,"401 9 Ave SW, Calgary, AB T2P 3C5, Canada",Dermatology,Calgary,SW,Dr. Stella Jansen van Rensburg,403-263-0661,drstella@papillonyyc.com / liz@papillonyyc.com,https://ca.linkedin.com/in/stella-amore-jansen-van-rensburg-12363318,
Calgary Dermatology,https://calgarydermatology.com/,"1100 1 St. S.E. Suite #510 Calgary, AB T2G 1B1",Dermatology,Calgary,SE,Dr. Kirk Barber,403-299-5833,rebecca@calgarydermatology.ca,,
Remington Laser Dermatology Centre,https://remington-laser.com/,"150 – 7220 Fisher St. SE Calgary, AB T2H 2H8",Dermatology,Calgary,SE,Nikki Van Der Merwe,403-255-1633,nikki@remingtonlaser.com,https://www.zoominfo.com/p/Nikki-Van-der-merwe/7157163054,
Rejuvenation Dermatology (Calgary North & South),https://rejuv.ca/,"225 – 10201 Southport Rd SW Calgary, AB T2W 4X9",Dermatology,Calgary,NE & SW,Tim Dinger,(403) 286-6888,tim@rejuvgroup.com,https://www.linkedin.com/in/tim-dinger/?originalSubdomain=ca,
Derm.ca Dermatology Clinic,https://derm.ca/,"4411 16 Avenue NW, Calgary, AB T3B 0M3, Canada",Dermatology,Calgary,NW,Ildikó Juhasz,(403) 457-1900,info@derm.ca,https://ca.linkedin.com/in/ildiko-juhasz-32982838,
Dermapure Calgary Chaparral,https://www.dermapure.com/en/locations/calgary-chaparral/,"2150 - 1800 194 Ave SE, Calgary, AB T2X 0R3, Canada",Dermatology,Calgary,SE,Dr. Joshua Lam,(403) 719-6523,info@dermapure.ca,https://www.dermapure.com/en/our-team/dr-joshua-lam/,
Skin Health & Wellness Centre (Rapid Access Clinic),http://www.skinhealthwellness.com,"Suite 350, 8500 Blackfoot Trail SE, Calgary, AB T2J 7E1, Canada",Dermatology,Calgary,SE,Dr. Andrew Jun,403-264-7546,hello@skinhealthwellness.com,https://www.linkedin.com/in/andrew-jun-4ba834195/?originalSubdomain=ca,
RejuvaDerm Calgary,https://www.rejuvaderm.ca,"217 19 St NW Unit 201 Calgary, AB T2N 2H9",Dermatology & Laser,Calgary,NW,Dr. Eric Wong,(587) 327-6622,rejuvadermyeg@gmail.com,https://www.instagram.com/the_injectionacademy/p/C__SJiZSD_T/,
Northwest Dermatology & Laser,http://www.northwestdermatology.ca/,"225, 600 Crowfoot Crescent NW Calgary, AB T3G 0B4",Dermatology & Laser,Calgary,NW,Dr. Derek Woolner,403.247.7070,info@northwestdermatology.ca,,
Market Mall Cosmetic & Laser Dermatology,https://www.mmderm.ca/,"446 - 4935 40th Avenue NW Calgary, AB T3A 2N1",Dermatology & Laser,Calgary,NW,Dr. Stewart Adams,587.774.3376,reception@mmderm.ca,https://ca.linkedin.com/in/stewart-adams-0614634b,
Lakeview Medical Clinic,https://lakeviewmedicalclinic.ca/home,"#5, 3109 Palliser Drive SW, Calgary, Alberta T2V 4W8",Family Practice,Calgary,SW,Lola Adeagbo,403-242-4172,skinsolution9@gmail.com,,
Humana Medical Clinic,http://humanaclinicglenbrook.com/,"3715 51 St SW, Calgary, AB T3E 6V2",Family Practice,Calgary,SW,Dr. Chris Musah,403-686-6967,clinic@humanaclinicglenbrook.com,https://www.calgarydoctors.org/alberta/calgary/family-physicians-in-south-west-sw-calgary/dr-christopher-audu-musah,
EvolveWell Integrative Medical Clinic,https://evolvewell.ca/,"#101-1711 4 St SW, Calgary, AB. T2S 1V8",Family Practice,Calgary,SW,Cathy Bullard,587-774-9355,info@evolvewell.ca,,
Calgary MD Medical Clinic,https://www.calgarymdmedicalclinic.com/,"3-3315 26th Avenue SW Calgary, Alberta T3E 0N2",Family Practice,Calgary,NW,Dr. Aymen Franka,403-242-1411,info@calgarymdmedicalclinic.com,,
MEDIHOME Medical Clinic,https://www.facebook.com/p/Medihome-Family-Clinic-and-aesthetics-100064041220180/,"5430 17 Ave SE, Calgary, AB T2A 1J3",Family Practice,Calgary,SE,Dr. Lujain Alahmed & Dr. Osazuwa,403-454-9665,medihomefc2@gmail.com / medihomefc3@gmail.com,,
The Glenmore Clinic,https://theglenmoreclinic.ca/,"1600 90 Ave SW Suite A305, Calgary, Alberta, T2V 5A8 Canada",Family Practice,Calgary,SW,Dr. Shelley Stokes,403-452-5699,info@glenmorehealthcare.com,,
Opal Medical Clinic & Aesthetics,https://opalmdclinic.com/,"Unit #3 7005 18th Street SE Calgary, AB T2C 1Y1",Family Practice,Calgary,SE,Dr. Faiza Upal,403-300-1553,info@opalmdclinic.com,https://ca.linkedin.com/in/dr-faiza-upal-0173a9251,
YYC Laser & Skincare,https://www.laserandskincare.ca/,"1526 9 Ave SE, Calgary, AB T2G 0T7",Laser & Skincare,Calgary,SE,Kateryna Shaposhnikova,(587) 324‑2183,yyc@laserandskincare.ca,https://www.facebook.com/laserandskincareca,
SkinLAB YYC,https://www.skinlabyyc.com/,"1238 1 St SW, Calgary, AB T2R 0V4, Canada",Laser & Skincare,Calgary,SW,Gabby,(403) 975‑5274,skinlabyyc@gmail.com,https://www.instagram.com/esthetics.by.gabbyk/,
DermNurse Medical Aesthetics,https://dermnurse.ca/,"110‑358 58 Ave SW, Calgary, AB T2H 2M5",Laser & Skincare,Calgary,SW,Michelle Shewchuk,(403) 475‑9296,info@dermnurse.ca,https://ca.linkedin.com/in/dermnurse999,
Luxe Beauté Aesthetics,https://www.luxebeauteaesthetics.com/,"2000 Market St #106, Airdrie, AB T4A 0V4",Laser & Skincare,Calgary,SW,Jasmin Dumonceaux,(403) 969-7632,jasmin@luxebeauteaesthetics.com,https://www.instagram.com/luxebeaute.yyc/?hl=en,
Clear Skincare Clinics Calgary,https://clearskincare.ca,"815 17 Ave SW, Calgary, AB T2T 0A7",Laser & Skincare,Calgary,SW,Nikki Park,604-999-6439,info@clearskincare.ca,@clearskincare,
Luminous Skin Laser & Tattoo Removal,https://www.luminousskin.ca/,"3920 Edmonton Trl #201, Calgary, AB T2E 3P6",Laser hair removal,Calgary,SW,Yusra Jeha,(403) 457‑9030,luminousskin@outlook.com,,
Esthetically DG Inc.,https://www.estheticallydg.com/,"Deer Ridge Lane S.E.. Calgary, Alberta T2J 6N4",Laser Treatments,Calgary,SE,MJ De Guzman,587-741-0661,estheticallydg@gmail.com,https://www.facebook.com/mjdjuan/posts/3a02ae08/10172125572750521/,
Foxy Box Aesthetics,https://foxyboxwaxbar.com/,"170 – 1800 4 Street SW, Calgary AB T2S 2S5",Laser Treatments,Calgary,SW,Kyla Dufresne,403 452 1275,mission@foxybox.ca,https://www.instagram.com/kyla_foxybox/,
RENEW GLOW LASER,https://www.renewglowlaser.com/,"710-19587 Seton Crescent SE, Calgary, AB T3M 2N9, Canada",Laser Treatments,Calgary,SE,Laura Mora,403-4663738,renewglowlaser@hotmail.com,https://ca.linkedin.com/in/lauramoracastro,
Injections by Paula,https://injectionsbypaula.janeapp.com/,3 Chapalina Cres SE Calgary AB T2X 3R3,Medical Aesthetics,Calgary,SE,Paula Bailey,780-974-5497,injectionsbypaula@gmail.com,,
Britannia Dermedics,https://www.britanniadermedics.com,"817-A 49 Avenue SW, Calgary, AB T2S 1G8, Canada",Medical Aesthetics,Calgary,SW,Dr. Ayesha Nazarali,(403) 984-4313,info@britanniadermedics.com,,
Coco Laser & Skin (Sage Hill),https://www.cocolaserandskin.ca/,"41 Sage Hill Pass NW Calgary, AB T3R 0S4",Medical Aesthetics,Calgary,NW,Dr. Michael Massie,403-266-2626,Hello@cocolaserandskin.ca,https://www.cocolaserandskin.ca/team-coco#drmichaelmassie,
SkinScience Inc,https://skinscience.md/,"Suite 418 - 1011 Glenmore Tr SW Calgary, Alberta T2V 4R6",Medical Aesthetics,Calgary,SW,Marie Bertrand,403-287-1477,marie@skinscience.md,https://www.linkedin.com/in/marie-bertrand-70695a3a/,
Beauty Edit Medical Aesthetics,https://beautyedit.ca/,"114, 10816 Macleod Tr. SE Calgary, Alberta T2J 5N8",Medical Aesthetics,Calgary,SE,Kim Olowa,403-300-3348,kim@beautyedit.ca,https://www.linkedin.com/in/kim-olowa-a745a63,
Essence Wellness - Sage Hill,https://www.essencewellness.ca/,"60 Sage Hill Plaza NW, #111, Calgary, AB - T3R 0S4",Medical Aesthetics,Calgary,NW,Charu Ahuja and Shawna Kotyk,403-383-2338,sagehill@essencewellness.ca,https://www.instagram.com/shawnakotyk/,
Essence Wellness Clinic - Marda Loop,https://www.essencewellness.ca/,"3425 - 22 ST SW, #305, Calgary, AB - T3R 0S4",Medical Aesthetics,Calgary,SW,Charu Ahuja and Shawna Kotyk,403-383-3228,mardaloop@essencewellness.ca,https://www.instagram.com/shawnakotyk/,
Essence Wellness - Mahogany,https://www.essencewellness.ca/,"80 Mahogany Road SE, #1440, Calgary, AB - T3M 3K9",Medical Aesthetics,Calgary,SE,Charu Ahuja and Shawna Kotyk,403-891-1901,mahogany@essencewellness.ca,https://www.instagram.com/shawnakotyk/,
Essence Wellness - Willow Park,https://www.essencewellness.ca/,"10816 Macleod Trail SE, #100, Calgary, AB - T2J 5N8",Medical Aesthetics,Calgary,SE,Charu Ahuja and Shawna Kotyk,403-891-1941,willowpark@essencewellness.ca,https://www.instagram.com/shawnakotyk/,
Skinnovation Laser Aesthetics,https://skinnovationlaser.com/,"1904 20th Ave NW, Calgary, AB T2M 1H5",Medical Aesthetics,Calgary,NW,Carmen,403-390-3110,info@skinnovationlaser.com,,
MedStyle Cosmetic Clinic,https://www.medstylecosmeticclinic.com/,"7337 Sierra Morena Blvd SW, Calgary, AB, T3H 3V4",Medical Aesthetics,Calgary,SW,Pardis Kiani,403-919-6581,medstylecosmetic@gmail.com,https://www.facebook.com/pardis.kiani.7/,
Evergreen Cosmetic,https://ecosmetic.ca/,"12 Royal Vista Way NW #1114, Calgary, AB T3R 0N2",Medical Aesthetics,Calgary,NW,Amy Lu,403-455-8868,amylu0204@gmail.com,,
Cerulean Plastic Surgery Centre,https://ceruleansurgery.com/,"1100 1st Street SE Suite 505, Calgary AB T2G 1B1",Medical Aesthetics,Calgary,SE,Melissa Ronan,403-225-2141,melissa@ceruleansurgery.ca / melissa.admin@ceruleansurgery.ca,,
Xthetics Face & Body Sculpt,https://xthetics.ca/,"425 11th Avenue SE, Calgary, AB T2G 0Y4",Medical Aesthetics,Calgary,SE,Dr. Maria Chuquer,587-772-6449,drmariachuquer@xthetics.ca / quin@xthetics.ca,,
YHVH Medical and Aesthetic Clinic,https://yhvhclinic.ca/,"#335 10980 38th Street NE Calgary, T3N 1Z2",Medical Aesthetics,Calgary,NE,Haseena Khan,587-468-8601,ma@yhvhclinic.ca,,
You Glow Aesthetics NW,https://youglowspas.com/calgary-nw/,"1829 Ranchlands Blvd NW #226 Calgary, AB T3G 2A7​",Medical Aesthetics,Calgary,NW,Nastiia,403-375-7006​​,info@youglowspas.com,,
We Do Esthetics Laser & Skin Clinic Calgary,https://wedoesthetics.com/,"6036 3 St SW Unit 104, Calgary, AB T2H 0H9",Medical Aesthetics,Calgary,SW,Tatyana,587-707-9336,contactus@wedoesthetics.com,,
Live Younger,https://liveyounger.ca/better-integrative-medicine-clinic/,"518-922 5th Ave, SW, Calgary",Medical Aesthetics,Calgary,SW,Dr. Natasha Iyer,403-237-2353,clientcare@liveyounger.ca,,
Westside Laser & Light,https://westsidelaser.ca/,"152 – 30 Springborough Blvd SW Calgary, Alberta T3H 0N9",Medical Aesthetics,Calgary,SW,Sean Carson,403-685-0110,sean@westsidelaser.ca,,
GlowUp Lab - 2 Locations,https://www.glowuplab.ca/en/,"#410-8 Nolan Hill BLVD NW, Calgary, AB T3R 0X2",Medical Aesthetics,Calgary,NW,Dr. Thomas Neal,587-619-7769,info@glowuplab.ca,,
Flawless Clinical Aesthetics and Medical Services,https://www.flawlessclinical.ca/,"1922 9 Ave SE, #12 Calgary, AB T2G 0V2",Medical Aesthetics,Calgary,SE,Gili Levan,403-264-5200,gili@flawlesslaser.ca,,
Butter Beauty Parlour - 2 Locations,https://butterbeautyparlour.com/,"2429 4th Street SW Calgary, Alberta T2S 1X5",Medical Aesthetics,Calgary,SW,Rob Charlebois,403-453-3404,info@butterbeautyparlour.com,,
Preventous™ Cosmetic Medicine,https://preventouscosmetic.com/,"873 85 St SW #6201, Calgary, AB T3H 0X9",Medical Aesthetics,Calgary,SW,Dr. Rohan Bissoondath,403-229-0129,rohan@preventous.com,,
YYC Botox & Fillers,https://yycbotox.com/,"1717 10 Ave SW, Calgary, AB T3C 0K1",Medical Aesthetics,Calgary,SW,Dr. Sandy Xu,587-926-9069,info@yycbotox.com,,
Tarora Rejuvenation,https://www.tarorarejuvenation.com/,"50 Nolanridge Ct NW #140, Calgary, AB T3R 1W7",Medical Aesthetics,Calgary,NW,Meena Bagga,403-910-1741,tarorarejuvenationyyc@gmail.com,,
MoDerm Laser & Aesthetics,https://modermlaser.com/,"11420 27 St SE, Calgary Alberta T2Z 3R6",Medical Aesthetics,Calgary,SE,Marta Chang,403-523-0550,info@modermlaser.com,,
Fresh Laser Skin Studio (Market Mall),https://freshlaser.ca/,"#327 Market Mall Professional Centre 4935-40th Ave, NW Calgary",Medical Aesthetics,Calgary,NW,Allie Tkachuk,403-264-4494,info@freshlaser.ca,https://ca.linkedin.com/in/allie-tkachuk-6640b12b4,
Vital Body + Skin,https://www.vitalbodyandskin.ca/,"3917 University Ave. NW Suite 325 Calgary, AB",Medical Aesthetics,Calgary,NW,Dr. Sean Gregg,403-220-9353,hello@vitalbodyandskin.ca,,
Revive Laser & Skin Clinic,https://revivelaser.ca/,"1016 68 Ave SW #150 Calgary, AB T2V 4J2",Medical Aesthetics,Calgary,SW,Amilie Doyle,403-291-2211,info@revivelaser.ca,https://ca.linkedin.com/in/amilie-doyle-2378aa107,
Skinista Medical Aesthetics Clinic,https://skinista.ca/,"2106-230 Eversyde Blvd SW Calgary, Alberta T2Y 0J4",Medical Aesthetics,Calgary,SW,Randa Hanna,825-488-4333,randa@skinista.ca,,
REFIRM,https://refirm.ca/,"8835 Macleod Trail, Suite 240, Calgary, AB T2H0M2",Medical Aesthetics,Calgary,SW,Alejandra Pereira,403-466-3476,info@refirm.ca,https://www.facebook.com/Refirmskin/,
Lavana Medical Aesthetics,https://lavanamed.com/,"#1730 80 Mahogany Rd. SE Calgary, AB T3M 3K9",Medical Aesthetics,Calgary,SE,Jenna Awalt,825-509-8888,contact@lavanamed.com,,
Pretty and Poised Medical Aesthetics,https://prettyandpoised.ca/,"760, 11012 Macleod Trail SE Calgary, Alberta T2J 6A5",Medical Aesthetics,Calgary,SE,Jenene Seweryn,403-896-3327,info@prettyandpoised.ca,,
Dr Beeautiful Aesthetics,https://www.drbeeautiful.com/,"6303B - 15 Sunpark Plaza SE, Calgary, T2X 0M5",Medical Aesthetics,Calgary,SE,Dr. Bee Banerjee,877-474-6772,info@drbeeautiful.com,,
"Skinvisible Laser & Aesthetics - 3 Locations (Calgary, Ok",https://www.skinvisiblelaser.com/,"755 Lake Bonavista Dr SE #109, Calgary, AB T2J 0N3",Medical Aesthetics,Calgary,SE,Twyla Gedlaman,403-969-1118,bookings@skinvisiblelaser.com,https://www.instagram.com/p/CSh7yctBqn-/,
RestoBod Laser & Skin Clinics,https://restobod.com/,"11500 29 Street SE, #104 Calgary, AB T2Z 3W9",Medical Aesthetics,Calgary,SE,Tina Clifford,403-764-3933,info@restobod.com,https://ca.linkedin.com/in/tina-clifford-0765b011b,
SkinMedics Calgary,https://skinmedicscalgary.ca,"(Unknown street address; Calgary, AB)",Medical Aesthetics,Calgary,,Dr. Ayesha Nazarali,587.582.9663,skinmedicsyyc@gmail.com,,
Bonsai Medical Aesthetics,https://www.bonsaimedicalaesthetics.com/,"155 Nolanridge Ct NW, Unit #330 Calgary, AB T3R 1W7, Canada",Medical Aesthetics,Calgary,NW,Dr. Tomi Mitchell,587 997 2211,info@bonsaimedicalaesthetics.com,https://ca.linkedin.com/in/drtomimitchell?trk=public_post_follow-view-profile,
Revive Medical spa Calgary,https://revivemedspa.ca,"107 14 St NW, Calgary, AB T2N 1Z7",Medical Aesthetics,Calgary,NW,Dr. Marina Beshay,(403) 640‑1555,info@revivemedspa.ca,https://ca.linkedin.com/in/dr-marina-beshay-1813814b,
Aesthetica Maria,https://aestheticamaria.com/,"Suite 760 11012 Mcleod Tr. SE Calgary, AB T2J 6A5",Medical Aesthetics,Calgary,SE,Maria,(403) 452‑9009,info@aestheticamaria.com,,
Sculpt Aesthetics Calgary,https://sculptaesthetics.ca,"112, 10333 SouthPort Road SW Calgary AB T2W 3X6",Medical Aesthetics,Calgary,SW,Jean Muir,(403) 453-0122,Jean.muir@sculptcalgary.com,https://ca.linkedin.com/in/jean-muir-r-n-csasn-18999041,
Lumiere Aesthetics,https://lumiereaesthetics.ca,3-414 Central St Summerside PE C1N 3N7 Canada,Medical Aesthetics,Calgary,SE,Dr. Anil Cherian,902 436-1283,info@lumiereaesthetics.ca,,
Kane Medical Aesthetics,https://kanemedicalaesthetics.com/,"908 17 Ave SW #212, Calgary, AB T2T 0A3, Canada",Medical Aesthetics,Calgary,SW,Angela Kane,(403) 771-2921,angelakaneis@gmail.com,https://www.instagram.com/Kanemedical.angela/#,
Miliano Medical Aesthetics,https://milianomed.com,"208-1711 4 St SW, Calgary, AB T2S 1V8",Medical Aesthetics,Calgary,SW,Millicent G. Cotoner,(587) 349-0499,contact@milianomed.com,https://www.facebook.com/milianomedgroup/posts/clinic-director-millicent-garma-cotoner-welcomes-you-to-miliano-skin-body-care-f/573339186164426/,
One Medical Aesthetics,https://oneaesthetics.ca,"112 4 Ave SW Suite 190, Calgary, AB T2P 0H3",Medical Aesthetics,Calgary,SW,Dr. Noreen Randhawa,403-263-7477,Info@colabaesthetics.ca,https://ca.linkedin.com/in/noreen-randhawa-3ab81a2b0,
Muse Aesthetics,https://museaesthetics.ca,"909 5 Ave SW 200 Unit N03Calgary, AB T2P 3G5, Canada",Medical Aesthetics,Calgary,SW,Angelica Morrah,(403) 453-4226,info@museaesthetics.com,,
CōLAB Medical Aesthetics,https://colabaesthetics.ca,"190-112 4 Ave SW, Calgary, AB T2P 0H3",Medical Aesthetics,Calgary,SW,Dr. Noreen Randhawa,403-263-7477,Info@colabhealthandbody.ca,https://ca.linkedin.com/in/noreen-randhawa-3ab81a2b0,
Noir Medical Aesthetics,https://noirmedicalaesthetics.ca,"217-45 Greenbriar Dr NW, Calgary, AB T3B 6N4",Medical Aesthetics,Calgary,NW,Twyla Black,(403) 616-7606,info@noirmedicalaesthetics.ca,https://www.instagram.com/twyla_np/,
Amber & Oak Aesthetics,https://amberandoakaesthetics.com,"311-4620 Bow Trail SW, Calgary, AB T3C 2G6",Medical Aesthetics,Calgary,SW,Mel Melenchuk,(403) 457-0608,amberandoakbeauty@gmail.com,https://www.instagram.com/melkvmel/?hl=en,
Point of View Medical Aesthetics,https://povclinic.com/,"1000 Centre St N #470 Calgary, Alberta, Canada",Medical Aesthetics,Calgary,NE/NW,Carissa-Lynn Sakal,587-575-1530,info@povclinic.com,https://www.instagram.com/aestheticnurseinjector/,
Face Skin & Body Bar,https://www.faceskinandbody.ca/,"#126 – 620 10th Ave SW Calgary, AB T2R 1C3",Medical Aesthetics,Calgary,SW,Lisane Marins,(403) 454-5607,reception@faceskinandbody.ca,https://ca.linkedin.com/in/lisane-marins-1aa8571b3,
Thermae Advanced Aesthetics,https://thermae.ca,"Suite 210, 4723 1st Street SW, Calgary, AB T2G 4Y8",Medical Aesthetics,Calgary,SW,Hanna Arcega,(403) 263-8873,info@thermae.ca,https://ca.linkedin.com/in/hannah-arcega-46763361,
GLO Antiaging Treatment Bar,https://gloantiaging.com/,"100, 1601 Westmount Road NW Calgary, AB T2N 3M2",Medical Aesthetics,Calgary,NW,Mandy Scheller,403-455-0444,info@gloantiaging.com,,
3D Lifestyle Calgary Medi Spa,https://3dlifestylecalgary.ca,"630 Redstone Dr NE #125, Calgary, AB T3N 1L4, Canada",Medical Aesthetics,Calgary,NE,Satvir Duggal,(587) 288‑5006,calgary@3dlifestyle.ca,,
Medi Derm Spa,https://medidermspa.ca,"250 6 Ave SW #240, Calgary, AB T2P 3H7",Medical Aesthetics,Calgary,SW,Karim Surani,(403) 234‑0066,contact@medidermspa.com,,
Ikaria Medical Aesthetics,https://my-ikaria.com/,"1036 McDougall Rd NE, Calgary, AB T2E 7H1, Canada",Medical Aesthetics,Calgary,NE,Kassidy Rieger,(587) 777‑1534,info@my-ikaria.com,,
Calgary Aesthetic Clinic,https://calgaryaestheticclinic.janeapp.com/,"11012 Macleod Trl SE #760, Calgary, AB T2J 6A5, Canada",Medical Aesthetics,Calgary,SE,Dr. Taryn Gregson,403 483 4860,info@calgaryaestheticclinic.ca,,
Blue Diamond Medical Aesthetics,https://bluediamondmedical.ca/,"8 Weston Dr SW #23, Calgary, AB T3H 5P2, Canada",Medical Aesthetics,Calgary,SW,Dr. Mohamed Farhat,(825) 413‑1113,info@bluediamondmedical.ca,https://ca.linkedin.com/in/mohamed-farhat-4a345140,
Glowup Aesthetic Academy,https://www.guaa.ca/,"7326 10 St NE #107, Calgary, AB T2E 8W1",Medical Aesthetics,Calgary,NE,Michelle Elam,(403) 475‑1118,Info@guaa.ca,,
Glow Medical Aesthetics,https://justglow.ca/,"Unit 20 – 525 Highlands Blvd. West Lethbridge, AB, T1J4V3",Medical Aesthetics,Calgary,SE,Andrea Krushel,403-795-2012,drkrushel@justglow.ca,https://www.instagram.com/glowmedicalaesthetics.ca/,
Pear Aesthetics,https://www.pearaesthetics.com/,"1022B Rundle Crescent NE, Calgary, AB T2E 5M2",Medical Aesthetics,Calgary,SE,Wendy,(403)510-9441,pearaesthetics@gmail.com,,
Zenith Aesthetics,https://www.zenithaesthetics.ca/,"110 9 Ave SW, Calgary, AB T2P 1C4",Medical Aesthetics,Calgary,SW,Hunter Domoslai,(587) 572-8889,zenithaestheticsyyc@gmail.com,https://ca.linkedin.com/in/hunter-domoslai-95697b2aa,
Essence Medical Aesthetics,https://essencemedical.ca/,"#150 3650 Westwinds Dr NE Calgary, AB T3J 0W9",Medical Aesthetics,Calgary,NE,Shailesh Bandekar,403-475-6001,shailesh@essencemedical.ca,,
Calgary Skin Cancer Centre,https://calgaryskincancer.com/,"3320 17 Avenue SW, Calgary, Alberta T3E 0B4, Canada",Medical Aesthetics,Calgary,SW,Dr. Jennifer Guillemaud,403-700-0110,info@calgaryskincancer.com,https://www.instagram.com/calgaryskincancercentre/?hl=en,
Aspire Medical Aesthetics,https://aspiremedical.ca/,"#320, 4015 University Ave, NW Calgary, Alberta T3B 6K3",Medical Aesthetics,Calgary,NW,Dr. Ahmad Zabal,587-329-6529,info@aspiremedical.ca,https://ca.linkedin.com/in/ahmad-zabal-792178198,
SKN YYC Aesthetics,https://www.sknnaesthetics.ca/,"201-1029 17TH AVE SW, CALGARY AB, T2T 0A9",Medical Aesthetics,Calgary,SW,Nevana,(825) - 559 - 5028,aestheticssknn@gmail.com,,
Fresh Faces Medical Aesthetics,https://freshfacedmedicalaesthetics.ca/,"179 Sunlake Way SE, Calgary, AB T2X 3H4, Canada",Medical Aesthetics,Calgary,SE,Melissa,403-714-8771,Freshfacedma@gmail.com,,
Beauty Call Medical Aesthetics,https://www.beautycallyyc.com/,"8730 Country Hills Blvd NW #250, Calgary, AB T3G 0E2",Medical Aesthetics,Calgary,NW,Andrea Niven,403 837 7001,info@beautycallyyc.com,,
The Aesthetic Atelier,https://aestheticatelier.ca/,"4620 Bow Trl SW #210, Calgary, AB T3C 3P4",Medical Aesthetics,Calgary,SW,Rowenna & Leah,(403) 681-8123,info@aestheticatelier.ca,,
Preventous Cosmetic Medicine,https://preventous.com,"1167 Kensington Cres NW, Calgary AB",Medical Aesthetics,Calgary,NW,Barb Schafer,403.229.0129,info@preventous.com,,
Kalon Medical Aesthetics,https://www.kalonaesthetics.ca/,"16-185 E Hills Blvd SE, Calgary, AB T2A 7A6",Medical Aesthetics & Laser Hair Removal,Calgary,SE,Jennifer,(587) 496-9070,info@kalonaesthetics.ca,,
SKIN Clinics,https://skinclinics.ca/calgary/,"3007 14 ST SW #301 Calgary, AB T2T 3V6",Medical Aesthetics & Laser Hair Removal,Calgary,SW,Dr. Jason Sneath,403-764-7545,jason@skinclinics.ca,,
NEA Medical Aesthetic Clinic,https://neamedaesthetics.com/,"#104, 3151 27st NE, Calgary, AB",Medical Aesthetics & Laser Hair Removal,Calgary,NE,Anmol Kapoor,403-230-8812,nea@neaskincare.com,https://ca.linkedin.com/in/anmol-kapoor-48b131193,
Pure Aesthetics Calgary,https://myoasisspa.ca/pure-medical-aesthetics/,"880-16th Avenue SW Calgary, AB, T2R 1J9",Medical Aesthetics and Medical spa,Calgary,SW,Dr. Dave Sinha,403-216-2747,request@experienceoasis.ca,,
The Spa Ritual,https://www.thesparitual.com/,"106 Crowfoot Terrace NW, Calgary, AB T3G 4C8",Medical spa,Calgary,NW,Karen Galan,403 547 9558,rejuvenate@thesparitual.com,,
Alexis Medi Spa,https://alexismedispa.com/,"1111 3 St SE, Calgary, AB T2G 2S8",Medical spa,Calgary,SE,Alexandra Douros,403-402-0247,alexislaserspa@gmail.com / hello@alexismedispa.com,https://ca.linkedin.com/in/alexandra-douros-7929ba159,
Fade Away Laser & Skin Centre,https://fadeawaylaseryxe.com/,"1247-1235 11th Ave SW, Calgary, AB, T3C0M4",Medical spa,Calgary,SW,Noural Salem,403-454-3332,hello@fadeawaylaseryxe.com,https://www.linkedin.com/in/noural-salem-0a208b169/,
DermaVital,https://dermavital.ca/,"#520 - 5920 1a St SW Calgary, AB T2H 0G3",Medical spa,Calgary,SW,Morgan,403-455-2250,clinic@dermavital.ca,,
Calgary Laser Health & Beauty Centre,https://www.calgarylaserhealth.com/,"112 - 108 3 Ave SW Calgary, AB T2P 0E7",Medical spa,Calgary,SW,Sanda Sourang,403-460-5010,calgarylaserhealth@gmail.com,https://www.linkedin.com/in/sandra-sourang-r-ac-tcmd-a5780177/,
D&M Treatments Medispa,https://dmtreatments.com/,"Unit 300, 750 11 St SW, Calgary, AB T2P 3N7",Medical spa,Calgary,SW,Maria and David,403-680-7968,info@dmtreatments.com,,
FLY MediSpa,https://flymedispa.ca/,"UNIT 321- 3333 8 St SE Calgary, AB T2G 3A4",Medical spa,Calgary,SE,Rose Hopkins,403-700-6514,info@flymedispa.ca,https://www.linkedin.com/in/rose-hopkins-62156236/,
Ensoul Aesthetics & Wellness,https://ensoulaesthetics.ca/,"3B – 3200 17th Ave SE Calgary, AB T2A 0P9",Medical spa,Calgary,SE,Kulwinder Rajewal,403-930-9395,k.rajewal@forestlanemedical.ca / info@ensoulwellness.ca,https://www.linkedin.com/in/kulwinder-rajewal-b6410156,
LumiGlow Laser,https://lumiglow-laser.square.site/,"115-9950 Macleod Trail SE Calgary, AB T2J 3K9",Medical spa,Calgary,SE,Elisha Kulawik,403-968-7395,lumiglowlaser@gmail.com,https://www.linkedin.com/in/elisha-kulawik-ba363879/,
Aesthetics Pro,https://www.aestheticspro.ca/,"Unit 303, 320 23 Ave., SW Calgary. AB. Canada.",Medical spa,Calgary,SW,Yawen Carmen Gu,403-984-2789,vip@aestheticspro.ca,https://www.linkedin.com/in/yawen-carmen-gu-b27424204/?originalSubdomain=ca,
Kindred Aesthetics,https://www.kindredaesthetics.ca/,"1526 9 Ave SE #109J Calgary, AB T2G 0T7",Medical spa,Calgary,SE,Robin Maher,403-999-9004,info@kindredaesthetics.ca,https://www.linkedin.com/in/robin-maher-rn-6259201a2/,
Ministry of Skin,https://ministryofskin.ca/,"1918 Kensington Rd. NW #300 Calgary, AB T2N 3R5",Medical spa,Calgary,NW,Sairah Rhemtulla,587-315-9555,sairah@ministryofskin.ca,https://www.linkedin.com/in/sairah-rhemtulla-689b63267/,
Jade skin health,https://www.jadeskin.ca/,"#103 7370 Sierra Morena Blvd SW Calgary, AB T3H 4H9",Medical spa,Calgary,SW,Emily,587-350-4448,jadeskinsignalhill@gmail.com,https://www.facebook.com/emilyjadeesthetics/,
Zen Laser & Skin Calgary,https://www.zenlaserandskin.com/,"1819 4th Street SW Calgary, AB T2S 1W2",Medical spa,Calgary,SW,Emi Girard,587-968-9361,contact@zenlaserandskin.com,https://www.linkedin.com/in/emi-girard-104446176/,
Arlo Medical Injections (Connection with Tritan Lux),https://www.arlomedical.com/,"1331 16th Ave SW Calgary, Alberta T3C 1E2",Medical spa,Calgary,SW,Phil Wong,780-970-2996,phil@arlomedical.com,https://www.linkedin.com/in/philwong85/?originalSubdomain=ca,
Sapphire Spa & Laser,https://www.sapphirespalaser.com/,"8858 Macleod Trl SW #205 , Calgary, AB T2H 0M2",Medical spa,Calgary,SW,Sabrina,825-449-9845,Sapphirespa.laser@outlook.com,,
Vive Medical spa,https://vivemedspa.ca/,"366 Aspen Glen Landing SW #215, Calgary, AB, T3H 0N5",Medical spa,Calgary,SW,Angela Robertshaw,403-237-8428,angela@vivemedspa.ca,https://www.linkedin.com/in/angela-robertshaw-96bb1822/?originalSubdomain=ca,
REIGN Medical spa & Wellness,https://reignmedspa.ca/,"4110A - 7005 Fairmount Dr SE Calgary, AB T2H 0J1",Medical spa,Calgary,SE,Vanessa de Mello,403-903-1995,hello@reignmedspa.ca,https://www.linkedin.com/in/vanessa-de-mello-60781781/?originalSubdomain=ca,
Lifepath MedSpa (Calgary),https://www.lifepathmedspa.com/,"#106, 175 Chestermere Station Way Chestermere, Alberta, T1X 0A4",Medical spa,Calgary,SE,Jed Snatic,(587) 349-5850,chestermere@lifepathwellness.com,,
Calgary MediSpa,https://calgarymedispa.com,"2022 34 Avenue SW, Calgary, AB T2T 2C3, Canada",Medical spa,Calgary,SW,Dr. Peter,(403) 879-1257,info@calgarymedispa.com,https://ca.linkedin.com/in/peter-idahosa-7754a822a?trk=org-employees,
Best Skin Clinic Calgary,https://www.bestskinclinic.ca,"Unit #3160, 2 Royal Vista Link Northwest, Calgary, Alberta T3R 0K4, Canada",Medical spa,Calgary,NW,Serena Zheng,(587) 899-9928,info@bestskinclinic.ca,,
Viso Medi Spa & Boutique,https://visoboutique.com/,"106B 303 Centre St SW, Calgary, AB T2G 2B9",Medical spa,Calgary,SW,Tammy Garrett,(403) 265-0330,support@visoboutique.com,https://www.linkedin.com/in/tammy-garrett-58498b34/?originalSubdomain=ca,
JRAD Skin,https://jradskin.com/,"#25 2500 4TH ST SW, Calgary, AB, Canada, Alberta",Medical spa,Calgary,SW,JORDAN RADKE,403-455-5723,booking@jradskin.ca,https://ca.linkedin.com/in/jordan-radke-2b4b81148,
Medi Spa Calgary Clinic (placeholder),https://medispacalgaryclinic.ca,"1234 5th Avenue SW, Suite 200, Calgary, AB T2P 3C5, Canada",Medical spa,Calgary,SW,Dr. Amina Kapoor,(403) 555-0123,hello@medispacalgary.com,,
Skoah Calgary,https://skoah.com,"Deer Ridge Ln SE, Calgary, AB T2J 6N3",Medical spa,Calgary,Multiple,Andrea Scott,587-741-0661,fitskin@skoah.com,https://x.com/andreascott?lang=en,
Zulu Medical Cosmetics,https://zulumedicalcosmetics.com/,"324 58 Ave SE #1110, Calgary, AB T2H 0P1",Medical spa,Calgary,SE,Dr. Jeané Lombard,(403) 692-9858,care@zulumc.com,https://ca.linkedin.com/in/jean%C3%A9-lombard,
PHI Medical Aesthetics,https://beautyphi.com,"306-3332 20 St SW, Calgary, AB T2T 6T9",Medical spa,Calgary,SW,Lisa Iverson,(587) 885- 5693,lisa@beautyphi.com,https://www.instagram.com/phi.lisa.nurseinjector/,
PHI Medical Aesthetics 2,https://www.beautyphi.com/,"152 MAHOGANY CENTRE SW CALGARY, AB T3M 2V6",Medical spa,Calgary,SW,Lisa Iverson,(587) 391-5750,lisa@beautyphi.com,https://www.instagram.com/phi.lisa.nurseinjector/,
Dermapure Wildwood (Now Welcoming Calgary Downtown Patients),https://www.dermapure.com/en/locations/calgary/wildwood/,"636 45th Street SW, #202, Calgary, AB, T3C 2G2",Medical spa,Calgary,SW,Dr. John Arlette,403 216-4685,info@dermapure.ca,,
The Injectionist & Aesthetics,https://www.theinjectionist.ca/,"260A-3916 Macleod Trail SE, Calgary, AB T2G 2C5",Medical spa,Calgary,SE,Nika Sanguelini,403-255-0150,nika@theinjectionist.ca,https://ca.linkedin.com/in/nika-sanguellini-46591153,
Enhanced Beauty & Wellness (Connection with Brittney,https://www.enhancedbeauty.ca/,"#132, 3715 - 51st Street SW Calgary, AB T3E 6V2",Medical spa,Calgary,SW,Lisa Gibbons,403-369-3986,info@enhancedbeauty.ca,https://ca.linkedin.com/in/lisa-gibbons-57558b2a8,
Genesis Advanced Medical Aesthetics,https://www.calgaryskinclinic.com/,"1412 9 Ave SE Calgary, AB T2G 0T5",Medical spa,Calgary,SE,Cecille Visser,587-473-3338,cecille@genesisyyc.com / info@genesisyyc.com,https://ca.linkedin.com/in/cecille-visser-rn-bn-b5160b141,
Muto Beauty Centre,,"222 14 Ave SE, Calgary, AB T2G 1C7",Medical spa,Calgary,SE,Yi Ji,403-498-7776,info@mutobeauty.ca,,Not Confirmed/ Website not working
Elegance Medispa,https://elegancecalgary.com/,"124 8th st NE Calgary, AB T2E 1M2",Medical spa,Calgary,NE,Femeena Virani,403-452-9959,info@elegancecalgary.com,https://www.instagram.com/femeena_elegance_beauty/?hl=en,
Elante Rejuvenation,https://www.elanterejuvenation.ca/,"29 Na'a Drive SW Calgary, AB T3H 4E7",Medical spa,Calgary,SW,Ruby Wason,403-335-0555,info@elanterejuvenation.ca,,
Illume Skin & Laser,https://www.illumelaser.ca/,"2761 17th Ave SW, Calgary, Alberta",Medical spa,Calgary,SW,Nily Sharisat,403-910-1823,info@illumelaser.ca,https://www.instagram.com/illumelaser.nily/?hl=en,
Elysian Laser Aesthetics,https://www.elysianlaser.ca/laser-hair-removal-calgary/,"152 Mahogany Centre SE, Calgary, AB T3M 2V6",Medical spa,Calgary,SE,Alaina Crook,368-399-4013,info@elysianlaser.ca,https://ca.linkedin.com/in/alaina-crook-68358055,
The Laser Lab,https://www.thelaserlabyyc.ca/,"3114 Glenmore Ct Calgary, AB T2C2E6",Medical spa,Calgary,,Nada,403-408-6095,thelaserlabyyc@gmail.com,https://www.instagram.com/p/CzZWLnJP118/?hl=af,
Skin Laser Genesis,https://skinslasergenesis.com/,"#52-6130 1A ST SW, Calgary, AB T2H 0G3",Medical spa,Calgary,SW,Mary Manabap,403-640-4400,skinlasergenesis@gmail.com,,
Canada Skin And Laser Clinic,https://canadaskinandlaserclinic.square.site/,"320 55 Ave SW Calgary, Alberta T2H2Z6",Medical spa,Calgary,SW,Sadaf Iftikhar,587-971-8476,canadaskinandlaserclinic129@gmail.com,https://www.facebook.com/profile.php?id=100080968335872&sk=about,
MANA Aesthetics,https://manaaesthetics.janeapp.com/#/staff_member/1/bio,"11012 Macleod Trl SE #760, Calgary, AB T2J 6A5",Medical spa,Calgary,SE,Joumana Haddad,403-616-3668,manaaestheticsyyc@gmail.com,https://ca.nextdoor.com/pages/mana-aesthetics/,
NINA Aesthetics,https://ninaaesthetics.ca/,"2001 Kensington Rd NW, Calgary, AB, T2N 3M9",Medical spa,Calgary,NW,Nicole Wiebe,403-926-4016,info@ninaaesthetics.ca,https://ca.linkedin.com/in/nicole-wiebe-8841572a,
Utopia Spa Center - 2 Locations,https://www.utopiaspacenter.com/,"4014 Macleod Trail South Unit #314, Calgary, AB T2G 2R7",Medical spa,Calgary,South,,403-453-0897,info@UtopiaSpaCenter.com,,
luma by Dr. Amane,https://www.lumabydramane.com/,"#401, 933 17 Ave SW Calgary, Alberta T2T 5R6",Medical spa,Calgary,SW,Dr. Amane Abdul-Razzak,403-214-0074,lumabydramane@gmail.com,https://www.instagram.com/doctor.amane.md/?hl=en,
Illuminate Skin and Wellness,https://illuminateskintherapies.com/,"102-8445 Broadcast Ave SW Calgary, AB, T3H 6B6",Medical spa,Calgary,SW,Kayla Rance,587-897-5952,kaylarance@illuminateskintherapies.com,,
Vivi Aesthetics & Spa Edmonton Trail,https://www.vivispa.ca,"3715 Edmonton Trail Calgary, AB T2E 3P4",Medical spa,Calgary,,Vivian Yang,403-708-7654,vivianyang888@gmail.com,,contact not confirm
Natology Medi Spa,https://natology.ca/,"507, 18 Ave SW Calgary, Alberta T2S 0C7",Medical spa,Calgary,SW,Dr. Khadijah Haji,403-764-3600,admin@natology.ca,https://www.instagram.com/natology.drkhadijah/?hl=en,
Glass Skin Laser Boutique,https://www.glasskinlaser.com/,"3224a 28 St SW, Calgary, AB T3E 2J6, Canada",Medical spa,Calgary,SW,Nadine Beaucage,587-899-9757,support@glasskinlaser.com,https://www.instagram.com/nadinebeaucage/?hl=en,
Juvea Aesthetics Medi Spa,https://juveaaesthetics.ca/,"1742 29 St SW, Calgary, AB T3C 3X9, Canada",Medical spa,Calgary,SW,Hanan Atwi,(403) 975‑7523,hello@juveaaesthetics.ca,https://www.linkedin.com/in/hanan-a-12164a7b,
Bardöt Beauty Boutique,https://bardotbeauty.ca,"2207 4th Street SW #130, Calgary, AB T2S 1X1, Canada",Medical spa,Calgary,SW,Dr. Ashley Clerk,(403) 475‑4025,info@bardotbeauty.ca,https://ca.linkedin.com/in/ashley-clerk-83a038223,
Beauty lab & Wellness Medical spa,https://beautylabwellness.ca/,"1701 Centre St NW, Calgary, AB T2E 7Y2, Canada",Medical spa,Calgary,NW,Mrs. Tania Shah,587-582-7600,beauty.lab.wellness22@gmail.com,https://www.facebook.com/beautylabandwellness/about,
Avona Medical Aesthetics & Sknn Aesthetics,https://www.avonaaesthetics.ca/,"#201 - 1029 17TH AVE SW, CALGARY AB, T2T 0A9",Medical spa,Calgary,SW,Nevana Siever,(825) 559-5028,avonaaesthetics@gmail.com,https://ca.linkedin.com/in/nevana-siever-563a7b329,
Vivi Aesthetics & Spa (Downtown),https://www.vivispa.ca/,"1411 1st St SE, Calgary, AB T2G 2J3",Medical spa,Calgary,SE,Dr Vivian Yang,(403) 708-7654,info@vivispa.ca,https://www.instagram.com/vivispa.ca/,
Luxe Skincare & Esthetics,,"66 Brightondale Crescent SE, Calgary, AB, Canada, Alberta",Medical spa,Calgary,SE,Annie,(587) 777-0438,Luxe.skincareandesthetics@gmail.com,https://www.facebook.com/luxeskincareandesthetics/,
Signature Medical Aesthetics,https://signaturemedical.ca/,"513-1851 Sirocco Dr SW Calgary, Alberta T3H 4R5",Medical spa,Calgary,SW,Dr. Mukarram Zaidi,403-454-7550,INFO@SIGHEALTH.CA,,
Elite The Center For Skin,https://www.elitethecenterforskin.ca/,"3670 63 Ave NE Unit 250, Calgary, AB T3J 0S4",Medical spa,Calgary,NE,Dr. Camilo,(403) 880-0963,info@elitethecenterforskin.ca,,
Radiance Skin Rejuvenation Centre,https://www.radianceskincentre.com/,"2128 Kensington Rd NW, Calgary, AB T2N 3R7",Medical spa,Calgary,NW,Dr. May P. Siu,403-270-8075,info@radianceskincentre.com,,
Envy Beauty Lab + Laser,https://envybeautylablaser.com/,"103, 7004 Macleod Trail SE, T2H 0L3",Medical spa,Calgary,SE,Lindsey Garrett,403.281.2255,lindsey@envybeautylablaser.com,https://www.instagram.com/np_liuba/?hl=en,
Elevate Medical spa Calgary,https://www.elevateskinstudios.com/,"11566 24 St SE Bay #218, Calgary, AB T2Z 3J3",Medical spa,Calgary,SE,Jan Marini,(403) 740-3536,elevateskinstudios@gmail.com,,
Calgary Vein & Laser,https://ywclinic.ca/,"10201 Southport Rd SW #225, Calgary, AB T2W 4X9",Medical spa,Calgary,SW,Debbie McFarlane,(403) 252-4410,debbie@calgaryveinlaser.ca,https://ca.linkedin.com/in/deborah-mcfarlane-46b66593,
The Aesthetic Room,https://www.theaestheticroomyyc.com/,"226 26 Ave NE, Calgary, AB T2E 1Y9",Medical spa,Calgary,NE,Jordan,403-988-5264,admin@theaestheticroomyyc.com,,
Medical Aesthetics by Jessica,https://www.instagram.com/jessica.injectionista/?hl=en,"19 Masters Green SE, Calgary, AB T3M 2T4",Medical spa,Calgary,SE,Jessica,587-832-0880,jessica.injectionista@gmail.com,https://www.instagram.com/jessica.injectionista/?hl=en,
The Aesthetic Clinic,https://tac.aestheticclinicgroup.com/,"11 Ave SW Suite 1212, Calgary, AB T3C 0M4",Medical spa,Calgary,SW,Ifeoma Abajue,(368) 399 5944‬,info@aestheticclinicgroup.com,,
Dermapure Chaparral,https://www.dermapure.com/en/locations/calgary/chaparral/,"2150 - 1800 194 Ave SE Calgary, AB T2X 0R3",Medical spa,Calgary,SE,Dr. Joshua Lam,403 719-6523,j.lam@dermapure.com,https://www.instagram.com/drlamaesthetics/?hl=en,
New Skin YYC Laser & Skincare,https://newskinyyc.ca/,"5116 Elbow Drive SW Calgary, AB, T2V 1H1",Medical spa,Calgary,SW,Melanie Rodrigues,587-857-5407,info@newskinyyc.ca,https://ca.linkedin.com/in/melanie-rodrigues-newskinyyc,
The Symm Label,https://www.thesymmlabel.ca/,"#417, 1011 Glenmore Trail SW Calgary, AB T2V 4R6",Medical spa,Calgary,SW,Jillian Schenk,403-463-6624,helloteam@thesymmlabel.ca,https://www.instagram.com/aestheticnurse.yyc/,
Skinfluence Medical Spa,https://www.skinfluence.ca/,"1851 Sirocco Dr SW Unit 108, Calgary, AB T3H 4R5",Medical spa,Calgary,SW,Dr. Farzana Kurwa,403-978-7546,skinfluence@skinfluence.ca,,
Century Derma Lounge,https://centurydermalounge.com/,"4624 16th Avenue NW, Calgary, AB, T3B 0M8",Medical spa,Calgary,NW,Cheryl Brown,403-764-8076,info@centurydermalounge.com,,Contact not confirmed
RnD Skin Co.,https://rndskinco.ca/,"Unit #7 - 4948 126th Ave SE, Calgary, AB T2Z0A9",Medical spa,Calgary,SE,Danielle Miner,825-205-5455,info@rndskinco.ca,https://www.facebook.com/danielle.killian2/,
Dare Medical Aesthetics,https://www.daremedicalaesthetics.ca/,"264 Midpark Way SE #209, Calgary, AB T2X 1J6",Medical spa,Calgary,SE,Monique Bryson,403-873-7734,beauty@daremedicalaesthetics.ca,https://ca.linkedin.com/in/monique-bryson-41a5845b,
Halo Beauty Bar,https://halobeautybar.com/,"1014 1 St SE Studio #1 Calgary, AB T2G 2G5",Medical spa,Calgary,SE,Michelle Quazi,368-886-3578,info@halobeautybar.com,,
Ovilaser Medical Spa,https://www.ovilasermedispa.com/,"1235 17 Ave SW #2, Calgary, AB T2T 0C2",Medical Spa,Calgary,SW,Linda Rodriguez,403-390-7972,info@ovilasermedispa.com,,
Aisthetikos Wellness & Advanced Medical Aesthetics,https://aisthetikos.ca/,"#201 – 2040 34th Ave SW Calgary, AB T2T 2C3",Medical spa,Calgary,SW,Ally Kroeker,587-714-2545,ally.kroeker@galderma.com / info@aisthetikos.ca,https://www.linkedin.com/in/ally-kroeker-03599b215,
The MM Clinic,https://www.themmclinic.ca/,"2312 4 St SW Suite A, Calgary, AB T2S 1X2, Canada",Medical spa,Calgary,SW,Monica Sandhar,(587) 891‑5030,hello@themmclinic.ca,https://www.instagram.com/the.monicamethod/#,
Skin Science Aesthetics,http://www.skinscience.md/,"1011 Glenmore Tr SW Calgary, Alberta CANADA T2V 4R6",Medical spa & Skin care,Calgary,SW,Marie Bertrand,403 287 1477,info@skinscience.md,https://www.instagram.com/theskinscientist/,
,https://www.realself.com/dr/gregory-d-waslen-calgary-ab,"1030 – 10th Avenue South West, Calgary, Alberta",Cosmetic & Fat Grafting,Calgary,SW,Dr. Waslen,403-228-1313 (office) / 403-899-5829 (Claudia),reception@plasticsurgerycentre.ca,,
,https://www.drfarrahyau.com/,"1035 64 Ave SE Suite #200, Calgary, AB T2H 2J7, Canada",Cosmetic & Fat Grafting & Reconstruction,Calgary,SW,Dr. Farrah Yau,587-352-3260 (office),heatherforemsky@gmail.com,,
,http://artandfact.ca/,"2403 33 Ave SW Unit 1, Calgary, AB T2T 2A2, Canada",Cosmetic & Liposuction,Calgary,SW,Dr. Justin Yeung,403-800-9157 (office),office@artandfact.ca,,
,https://www.artandfact.ca/,1 - 2403 33 Avenue SW Calgary AB T2T 2A2,Cosmetic & Liposuction,Calgary,SW,Dr. Aaron Knox,403-800-9157 (office),office@artandfact.ca,,
,https://www.artandfact.ca/?utm_source=Beautifi&utm_medium=website&utm_campaign=beautifi_partner_profile&utm_content=external_website,2403 33 Avenue SW Calgary AB T2T 2A2,Cosmetic & Liposuction,Calgary,SW,Dr. Alex Hatchell,403-800-9157 (office),office@artandfact.ca,,
,https://search.cpsa.ca/PhysicianProfile?e=f5700966-98f7-4c4e-9e17-0a01c92eee8d&i=928,"2403 33 Avenue Southwest. Unit 1. Calgary, Alberta, Canada",Cosmetic & Liposuction,Calgary,SW,Dr. Peter Mankowski,403-800-9157 (office),office@artandfact.ca,,
,https://unityhealth.to/physician-directory/maleka-ramji/,,Cosmetic,Calgary,SW,Dr. Maleka Ramji,416-765-8008,office@artandfact.ca,,
Dr. Kristina Zakhary,https://www.facialcosmeticsurgery.ca/,"2303 4 St SW #404, Calgary, AB T2S 2S7, Canada",Plastic surgery,Calgary,SW,Dr. Kristina Zakhary,403-775-2583,,https://www.facebook.com/profile.php?id=100041697807261#,
Macleod Trail Plastic Surgery,https://www.macleodtrailplasticsurgery.ca/,"7425 Macleod Trl SW, Calgary, AB T2H 0L8, Canada",Plastic surgery,Calgary,SW,Dr. Humphreys,(403) 242-5080,info@mtps.ca,https://www.facebook.com/macleodtrailplasticsurgery/,
"Jeffrey C. Dawes MD, FRCSC",https://www.beautifulnaturalyou.ca/,"47 Sunpark Dr SE #102, Calgary, AB T2X 3V4, Canada",Plastic surgery,Calgary,SW,Dr. Dawes,403-571-3141,info@jeffreycdawesmd.com,https://www.instagram.com/jeffreycdawesmd/,
Dr. Paul Whidden,https://www.macleodtrailplasticsurgery.ca/about-us/our-surgeons/dr-whidden?utm_source=google&utm_medium=local&utm_campaign=calgary-whidden-website,"7425 Macleod Trl SW, Calgary, AB T2H 0L8, Canada",Plastic surgery,Calgary,SW,Dr. Paul Whidden,403-228-2684,drwhidden@mtps.ca,https://www.facebook.com/DrPaulWhidden/,
"Demsey Plastic Surgery: Daniel Demsey, MD",https://www.demseymd.ca/?utm_source=google&utm_medium=local&utm_campaign=calgary-demsey-website,"3007 14 St SW #301, Calgary, AB T2T 3V6, Canada",Plastic surgery,Calgary,SW,,403-209-4333,,,
